Aaray, Switzerland;47.3934;8.04312
Adelaide, AU;-34.92862119999999;138.5999594
Alameda, CA;37.7652065;-122.2416355
Albany, NY;42.6525793;-73.7562317
Albuquerque, NM;35.110703;-106.609991
Alexandria, VA;38.8048355;-77.0469214
Almere, Netherlands;52.3507849;5.2647016
Altadena, CA;34.190162;-118.1313188
Ames, IA;42.034722;-93.61999999999999
Amsterdam, Netherlands;52.3702157;4.895167900000001
Anchorage, AK;61.2180556;-149.9002778
Andover, UK;51.2111975;-1.4919233
Ann Arbor, MI;42.2808256;-83.7430378
Aptos, CA;36.97717290000001;-121.8994016
Arlington, MA;42.4153925;-71.1564729
Arlington, VA;38.8799697;-77.1067698
Astoria, Queens, NY;40.7623925;-73.9301037
Athens, GA;33.95;-83.383333
Atlanta, GA;33.7489954;-84.3879824
Attleboro, MA;41.94454409999999;-71.2856082
Auburn, WA;47.30732279999999;-122.2284532
Austin, TX;30.267153;-97.7430608
Bad Oldesloe, Germany;53.8076269;10.3822557
Baltimore, MD;39.2903848;-76.6121893
Bangalore, India;12.9715987;77.5945627
Bar Harbor, ME;44.3876119;-68.2039123
Bath and North East Somerset, UK;51.36362930000001;-2.4399987
Beaumont, TX;30.080174;-94.1265562
Beaverton, OR;45.48706199999999;-122.8037102
Beijing, China;39.90403;116.407526
Belfast, UK;54.59728500000001;-5.93012
Bellevue, WA;47.610377;-122.2006786
Belmont, CA;37.5202145;-122.2758008
Bend, OR;44.0581728;-121.3153096
Benicia, CA;38.049365;-122.1585777
Bergenfield, NJ;40.9275987;-73.9973608
Berkeley, CA;37.8715926;-122.272747
Berlin, Germany;52.52000659999999;13.404954
Birdsboro, PA;40.2645371;-75.8040852
Birmingham, AL;33.5206608;-86.80248999999999
Berne, Switzerland;46.9479222;7.444608499999999
Birmingham, UK;52.48624299999999;-1.890401
Black Mountain, NC;35.6178951;-82.3212302
Bleialf, Germany;50.23852000000001;6.285084599999999
Boise, ID;43.6187102;-116.2146068
Boston, MA;42.3584308;-71.0597732
Boulder, CO;40.0149856;-105.2705456
Bothell, WA;47.7623204;-122.2054035
Brandon, FL;27.937801;-82.2859247
Brattleboro, VT;42.8509348;-72.5578619
Brentwood, TN;36.0331164;-86.78277720000001
Brighton and Hove City, UK;50.8279319;-0.168749
Brighton, MI;42.5294773;-83.7802214
Brighton, UK;50.82253000000001;-0.137163
Brisbane, AU;-27.4710107;153.0234489
Bristol, UK;51.454513;-2.58791
Bronx, NY;40.8447819;-73.8648268
Brooklyn, NY;40.6781784;-73.9441579
Broomfield, CO;39.9205411;-105.0866504
Brown Deer, WI;43.1633426;-87.9645321
Brunswick, ME;43.9140162;-69.9669961
Buenos Aires, Argentina;-34.6037232;-58.3815931
Burbank, CA;34.1808392;-118.3089661
Burlingame, CA;37.5778696;-122.34809
Burlington, MA;42.5047161;-71.1956205
Burlington, VT;44.4758825;-73.21207199999999
Burlington, WI;42.6780726;-88.27620259999999
Burnaby, Canada;49.2294908;-123.0025753
Calgary, Canada;51.0453246;-114.0581012
Camarillo, CA;34.2163937;-119.0376023
Cambridge, MA;42.3736158;-71.10973349999999
Cambridge, UK;52.205337;0.121817
Campbell, CA;37.2871651;-121.9499568
Canberra, AU;-35.282;149.128684
Cape Town, South Africa;-33.9248685;18.4240553
Capitola, CA;36.9752283;-121.953293
Cary, NC;35.79154;-78.7811169
Cedar Rapids, IA;41.9778795;-91.6656232
Centerville, OH;39.6283928;-84.15938179999999
Central, Hong Kong;22.2799907;114.1587983
Champaign, IL;40.1164204;-88.2433829
Chapel Hill, NC;35.9131996;-79.0558445
Charlotte, VT;44.3098476;-73.2609928
Charlottesville, VA;38.0293059;-78.47667810000002
Chattanooga, TN;35.0456297;-85.3096801
Chennai, India;13.0524139;80.25082460000002
Chesterfield, MO;38.6631083;-90.5770675
Chicago, IL;41.8781136;-87.6297982
Chico, CA;39.7284944;-121.8374777
Cincinnati, OH;39.1031182;-84.5120196
Cleveland, OH;41.49932;-81.6943605
Clifton, NJ;40.8584328;-74.16375529999999
Cologne, Germany;50.937531;6.9602786
Colorado Springs, CO;38.8338816;-104.8213634
Columbia, MD;39.2037144;-76.86104619999999
Columbia, MO;38.9517053;-92.3340724
Columbus, OH;39.9611755;-82.99879419999999
Concord, NC;35.4087517;-80.579511
Coral Springs, FL;26.271192;-80.2706044
Coraopolis, PA;40.5184013;-80.1667247
Corvallis, OR;44.5645659;-123.2620435
Costa Mesa, CA;33.6411316;-117.9186689
Cuernavaca, Mexico;18.9459799;-99.22313869999999
Cupertino, CA;37.3229978;-122.0321823
Dagenham, UK;51.53888999999999;0.14743
Dallas, TX;32.7801399;-96.80045109999999
Danbury, CT;41.394817;-73.4540111
Danville, CA;37.8215929;-121.9999606
Darien, CT;41.0771914;-73.4686858
Darlington, UK;54.52361;-1.559458
Daventry, UK;52.257473;-1.164947
Davis, CA;38.5449065;-121.7405167
Decatur, GA;33.7748275;-84.2963123
Denver, CO;39.737567;-104.9847179
Des Plaines, IL;42.0333623;-87.88339909999999
Detroit, MI;42.331427;-83.0457538
Dinmore, AU;-27.5934843;152.8323562
Dogtown, CA;34.0194543;-118.4911912
Doha, Qatar;25.286667;51.533333
Downers Grove, IL;41.8089191;-88.01117459999999
Dublin, Ireland;53.3498053;-6.2603097
Dulles, VA;38.9516235;-77.44808139999999
Durham, NC;35.9940329;-78.898619
Dusseldorf, Germany;51.2277411;6.7734556
East Palo Alto, CA;37.4688273;-122.1410751
Edinburgh, UK;55.953252;-3.188267
Edmonton, Canada;53.544389;-113.4909267
El Cerrito, CA;37.9161326;-122.310765
Ellensburg, WA;46.9965144;-120.5478474
Enosburg Falls, VT;44.9069907;-72.80652309999999
Enumclaw, WA;47.2042681;-121.9915003
Espoo, Finland;60.2054911;24.6559001
Essex Junction, VT;44.4905433;-73.11122069999999
Estacada, OR;45.28956549999999;-122.3336963
Eugene, OR;44.0520691;-123.0867536
Euless, TX;32.8370727;-97.08195409999999
Evanston, IL;42.0450722;-87.68769689999999
Everett, WA;47.9789848;-122.2020794
Exeter, NH;42.9814292;-70.9477546
Falls Church, VA;38.88233400000001;-77.1710914
Flagstaff, AZ;35.1982836;-111.651302
Forest Park, IL;41.8794758;-87.81367
Fort Worth, TX;32.7554883;-97.3307658
Frankfurt, Germany;50.1109221;8.6821267
Fraser, MI;42.539202;-82.9493652
Frederick, MD;39.41426879999999;-77.4105409
Fribourg, Switzerland;46.8016663;7.145568300000001
Friday Harbor, WA;48.5342662;-123.0171242
Fukaya, Japan;36.1974437;139.2814638
Fullerton, CA;33.8703596;-117.9242966
Gaithersburg, MD;39.1434406;-77.2013705
Garden Grove, CA;33.7739053;-117.9414477
Gateshead, UK;54.95268;-1.603411
Geneva, IL;41.8875281;-88.3053525
Geneva, Switzerland;46.1983922;6.142296099999999
George Town, Cayman Islands;19.2869323;-81.3674389
Germantown, WI;43.2286174;-88.1103691
Glarus, Switzerland;47.0404212;9.0672155
Glasgow, UK;55.864237;-4.251806
Glendale, CA;34.1425078;-118.255075
Grand Rapids, MI;42.9633599;-85.6680863
Greater London, UK;51.4309209;-0.0936496
Greenville, NC;35.612661;-77.3663538
Greenwich, UK;51.48257659999999;-0.0076589
Greenwood, SC;34.1954001;-82.1617883
Groton, MA;42.6112018;-71.5745152
Grovetown, GA;33.4504157;-82.1981764
Hackensack, NJ;40.8859325;-74.0434736
Half Moon Bay, CA;37.4635519;-122.4285862
Halifax, Canada;44.6488625;-63.5753196
Halifax, UK;53.72702;-1.85754
Hamburg, Germany;53.5510846;9.9936818
Hameln, Germany;52.1082726;9.362171
Harrisburg, PA;40.2731911;-76.8867008
Hartlepool, UK;54.691745;-1.212926
Hayden, ID;47.76601609999999;-116.7865815
Helsinki, Finland;60.17332440000001;24.9410248
Henderson, NV;36.0395247;-114.9817213
Hercules, CA;38.0171441;-122.2885808
Hereford, UK;52.05639799999999;-2.715974
Herne, Germany;51.5368948;7.200914699999999
Hershey, PA;40.2859239;-76.65024679999999
High Falls, NY;41.8267596;-74.12625489999999
High Wycombe, UK;51.628611;-0.7482289999999999
Hollywood, Los Angeles, CA;34.0928092;-118.3286614
Honolulu, HI;21.3069444;-157.8583333
Hopewell Junction, NY;41.5839823;-73.80874419999999
Horsham, UK;51.062883;-0.325858
Houston, TX;29.7601927;-95.36938959999999
Hull, Canada;45.428731;-75.71336579999999
Huntingdon, UK;52.33146;-0.182552
Indianapolis, IN;39.768403;-86.158068
Indio, CA;33.7205771;-116.2155619
Iowa City, IA;41.6611277;-91.5301683
Irvine, CA;33.6839473;-117.7946942
Islington, UK;51.5465063;-0.1058058
Issaquah, WA;47.5301011;-122.0326191
Itasca, IL;41.9750287;-88.0072909
Jacksonville, FL;30.3321838;-81.65565099999999
Janesville, WI;42.6827885;-89.0187222
Jersey City, NJ;40.72815749999999;-74.0776417
Johnston, RI;41.8205199;-71.51261699999999
Juneau, AK;58.3019444;-134.4197222
Kalamazoo, MI;42.2917069;-85.5872286
Kansas City, MO;39.0997265;-94.5785667
Katy, TX;29.7857853;-95.8243956
Kerpen, Germany;50.8747592;6.6883728
Kiev, Ukraine;50.4501;30.5234
Kingston upon Thames, UK;51.41233;-0.300689
Kitchener, Canada;43.45;-80.483333
La Jolla, Placentia, CA;33.8570817;-117.8787084
Lafayette, CA;37.8857582;-122.1180201
Lake Oswego, OR;45.42067489999999;-122.6706498
Lakeland, FL;28.0394654;-81.9498042
Lambeth, UK;51.4935082;-0.1178424
Lansing, MI;42.732535;-84.5555347
Las Vegas, NV;36.1699412;-115.1398296
Lausanne, Switzerland;46.5199617;6.633597099999999
Lawrence, KS;38.9716689;-95.2352501
Le Mars, IA;42.79415669999999;-96.1655778
Leeds, UK;53.8007554;-1.5490774
Leicester, UK;52.6368778;-1.1397592
Lisburn, UK;54.50971999999999;-6.037400000000001
Lithia, FL;27.850278;-82.17472200000002
Littleton, CO;39.613321;-105.0166498
Lockhart, TX;29.8849441;-97.6699996
London Colney, UK;51.7237859;-0.29727
London, UK;51.5073509;-0.1277583
Long Beach, CA;33.7700504;-118.1937395
Lorton, VA;38.704282;-77.2277603
Los Alamos, NM;35.8880796;-106.3069722
Los Angeles, CA;34.0522342;-118.2436849
Lower East Side, Manhattan, NY;40.715033;-73.9842724
Madison, AL;34.6992579;-86.74833180000002
Madison, WI;43.0730517;-89.4012302
Madrid, Spain;40.4167754;-3.7037902
Malden, MA;42.4250964;-71.066163
Malmö, Sweden;55.604981;13.003822
Manchester, NH;42.9956397;-71.4547891
Manchester, UK;53.479324;-2.2484851
Manhattan, NY;40.790278;-73.959722
Maple Grove, MN;45.0724642;-93.4557877
Mariemont, OH;39.14506;-84.3743841
Marietta, GA;33.95260200000001;-84.5499327
Marina del Rey, CA;33.9802893;-118.4517449
Marlborough, UK;51.420073;-1.727062
Matawan, NJ;40.41482999999999;-74.2295891
Maynard, MA;42.4334903;-71.4495058
Melbourne, AU;-37.814107;144.96328
Memphis, TN;35.1495343;-90.0489801
Menlo Park, CA;37.4529598;-122.1817252
Metuchen, NJ;40.5431598;-74.3632049
Miami, FL;25.7890972;-80.2040435
Middletown, NJ;40.3968012;-74.09159819999999
Milton Keynes, UK;52.0406224;-0.7594171
Milwaukee, WI;43.0389025;-87.9064736
Minneapolis, MN;44.983334;-93.26666999999999
Minnetonka, MN;44.9211836;-93.4687489
Minot, ND;48.2329668;-101.2922906
Missoula, MT;46.8625;-114.011667
Modesto, CA;37.63909719999999;-120.9968782
Montague, MA;42.5355277;-72.5353437
Montgomery Village, MD;39.172728;-77.20360409999999
Montreal, Canada;45.5086699;-73.55399249999999
Morrisville, NC;35.823483;-78.8255621
Mountain View, CA;37.3860517;-122.0838511
Munich, Germany;48.1351253;11.5819806
Mystic Island, NJ;39.565839;-74.38095899999999
Nashville, TN;36.166667;-86.783333
Neath, UK;51.656991;-3.805476
New Haven, CT;41.308274;-72.9278835
New Orleans, LA;29.95106579999999;-90.0715323
New York, NY;40.7127837;-74.0059413
Newcastle upon Tyne, UK;54.978252;-1.61778
Newport, UK;51.584151;-2.997664
Norristown, PA;40.121497;-75.3399048
Northfield, MN;44.4582983;-93.161604
Norwich, UK;52.6308859;1.297355
Norwich, VT;43.7153482;-72.307869
Oak Park, IL;41.8850317;-87.7845025
Oakland, CA;37.8043637;-122.2711137
Oceanside, CA;33.1958696;-117.3794834
Odense, Denmark;55.40375599999999;10.40237
Oeiras, Portugal;38.69686069999999;-9.314601399999999
Oklahoma City, OK;35.4675602;-97.5164276
Omaha, NE;41.2523634;-95.99798829999999
Orange, CA;33.7877944;-117.8531119
Orinda, CA;37.8771476;-122.1796888
Orlando, FL;28.5383355;-81.3792365
Osaka, Japan;34.6937378;135.5021651
Osaka-shi, Japan;34.6937378;135.5021651
Oslo, Norway;59.9138688;10.7522454
Overland Park, KS;38.9822282;-94.6707917
Oviedo, FL;28.669997;-81.20812029999999
Oxford, UK;51.7520209;-1.2577263
Paddington, UK;51.5159734;-0.174943
Palmerston, AU;-12.4792774;130.9849614
Palo Alto, CA;37.4418834;-122.1430195
Paradise, CA;39.7596061;-121.6219177
Paris, France;48.856614;2.3522219
Park Slope, Brooklyn, NY;40.6681038;-73.9805817
Pasadena, CA;34.1477849;-118.1445155
Pasadena, MD;39.1073317;-76.57107529999999
Pembroke Pines, FL;26.007765;-80.2962555
Pepperell, MA;42.66592319999999;-71.5884363
Perth, AU;-31.9530044;115.8574693
Philadelphia, PA;39.952335;-75.16378900000001
Phoenix, AZ;33.4483771;-112.0740373
Pittsburgh, PA;40.44062479999999;-79.9958864
Plano, TX;33.0198431;-96.6988856
Poplar, UK;51.5123792;-0.0087975
Port Chester, NY;41.0017643;-73.66568339999999
Port Orange, FL;29.1383165;-80.9956105
Portland, OR;45.5234515;-122.6762071
Portsmouth, NH;43.0717552;-70.7625532
Providence, RI;41.8239891;-71.4128343
Provo, UT;40.2338438;-111.6585337
Purchase, NY;41.040556;-73.714444
Quakertown, PA;40.4417682;-75.3415667
Queens, NY;40.75;-73.86666699999999
Queretaro, Mexico;20.5887932;-100.3898881
Raleigh, NC;35.7795897;-78.6381787
Randolph, VT;43.9247446;-72.6656948
Redwood City, CA;37.48521520000001;-122.2363548
Reno, NV;39.5296329;-119.8138027
Reston, VA;38.9586307;-77.35700279999999
Richardson, TX;32.9483335;-96.7298519
Richmond, AU;-37.818635;145.0014704
Richmond, VA;37.5407246;-77.4360481
Ridgewood, Queens, NY;40.7108476;-73.8977693
Rijssen, Netherlands;52.30816859999999;6.5213493
Rindge, NH;42.7511964;-72.0098021
Roanoke, VA;37.2709704;-79.9414266
Rochester, NY;43.16103;-77.6109219
Rock Island, IL;41.5094771;-90.5787476
Royal Oak, MI;42.4894801;-83.1446485
Rutherfordton, NC;35.3692877;-81.9567716
Rümlang, Switzerland;47.4499022;8.5311569
Saitama-shi, Japan;35.8617292;139.6454822
Salem, MA;42.51954;-70.8967155
Salem, OR;44.9428975;-123.0350963
Salt Lake City, UT;40.7607793;-111.8910474
San Antonio, TX;29.4241219;-98.49362819999999
San Carlos, CA;37.5071591;-122.2605222
San Clemente, CA;33.4269728;-117.6119925
San Diego, CA;32.715738;-117.1610838
San Francisco, CA;37.7749295;-122.4194155
San Jose, CA;37.3393857;-121.8949555
San Mateo, CA;37.5629917;-122.3255254
Santa Ana, CA;33.7455731;-117.8678338
Santa Barbara, CA;34.4208305;-119.6981901
Santa Clara, CA;37.3541079;-121.9552356
Santa Cruz, CA;36.9741171;-122.0307963
Santa Fe, NM;35.6869752;-105.937799
Santa Monica, CA;34.0194543;-118.4911912
Satellite Beach, FL;28.1761233;-80.59005189999999
Sausalito, CA;37.8590937;-122.4852507
Scituate, MA;42.195929;-70.7258633
Seattle, WA;47.6062095;-122.3320708
Sebastian, FL;27.816415;-80.4706078
Sebastopol, CA;38.4021359;-122.8238806
Seguin, TX;29.5688411;-97.9647269
Shoreham-by-Sea, UK;50.8342086;-0.2715558
Shrewsbury, MA;42.2959267;-71.71284709999999
Silver Spring, MD;38.99066570000001;-77.026088
Silverlake, Los Angeles, CA;34.0702406;-118.309272
Singapore, Singapore;1.2800945;103.8509491
Sodegaura, Japan;35.4298081;139.9544301
Soest, Netherlands;52.1763515;5.299196999999999
Somerville, MA;42.3875968;-71.0994968
South Pasadena, CA;34.1161196;-118.1503488
South Plainfield, NJ;40.5792701;-74.4115401
South Portland, ME;43.6414716;-70.2408811
South San Francisco, CA;37.654656;-122.4077498
Southall, UK;51.511073;-0.377232
Southampton, UK;50.90970040000001;-1.4043509
Southend-on-Sea, UK;51.5459269;0.7077123
Spanish Fork, UT;40.114955;-111.654923
Spokane, WA;47.6587802;-117.4260466
Springfield, VA;38.7892801;-77.18720359999999
St. Louis, MO;38.6270025;-90.19940419999999
St. Paul, MN;44.9537029;-93.0899578
Stadtteil Kettwig, Germany;51.36288;6.940239999999999
Staffordshire, UK;52.7697957;-2.1045243
Stavanger, Norway;58.9699756;5.7331073
Stockholm, Sweden;59.32932349999999;18.0685808
Stockton-on-Tees, UK;54.5704551;-1.3289821
Stuttgart, Germany;48.7754181;9.181758799999999
Sunland, Los Angeles, CA;34.252225;-118.2884105
Sunnyvale, CA;37.36883;-122.0363496
Swansea, UK;51.62144;-3.943645999999999
Swindon, UK;51.55577390000001;-1.7797176
Sydney, AU;-33.8674869;151.2069902
Syracuse, NY;43.0481221;-76.14742439999999
São Paulo, Brazil;-23.5505199;-46.63330939999999
Tacoma, WA;47.2528768;-122.4442906
Tampa, FL;27.950575;-82.4571776
The Hague, Netherlands;52.0704978;4.3006999
Thousand Oaks, CA;34.1705609;-118.8375937
Tipp City, OH;39.9583892;-84.17216379999999
Tokyo, Japan;35.6894875;139.6917064
Tonbridge, UK;51.195043;0.27568
Toledo, OH;41.6639383;-83.55521200000001
Toronto, Canada;43.653226;-79.3831843
Trondheim, Norway;63.4305149;10.3950528
Truckee, CA;39.327962;-120.1832533
Twinsburg, OH;41.3125552;-81.4401129
Utrecht, Netherlands;52.091667;5.117777999999999
Valley Cottage, NY;41.1181514;-73.9554159
Vancouver, Canada;49.261226;-123.1139268
Vancouver, WA;45.6387281;-122.6614861
Venice, Los Angeles, CA;33.9962144;-118.4688776
Victoria, Canada;48.4284207;-123.3656444
Vienna, Austria;48.2081743;16.3738189
Vienna, VA;38.9012225;-77.2652604
Vigevano, Italy;45.3218787;8.8466726
Virginia Beach, VA;36.8529263;-75.97798499999999
Wakefield, UK;53.683298;-1.505924
Wandsworth, UK;51.4570716;-0.1817824
Warsaw, Poland;52.2296756;21.0122287
Warwick, UK;52.28231599999999;-1.584927
Washington, DC;38.9071923;-77.0368707
Waterloo, Canada;43.4642578;-80.5204096
Watertown, MA;42.3709299;-71.1828321
Wellington, NZ;-41.2864603;174.776236
West Bromwich, UK;52.517664;-1.995159
West Hamlin, WV;38.2856444;-82.19569779999999
West Orange, NJ;40.7985699;-74.23908279999999
Westport, MA;41.638889;-71.05
Wetteren, Belgium;51.0029052;3.8896697
White Plains, NY;41.03398620000001;-73.7629097
White River Junction, VT;43.6489596;-72.3192579
Whitehall, PA;40.6572331;-75.4985521
Whitehorse, Canada;60.7211871;-135.0568449
Wichita, KS;37.688889;-97.336111
Wijchen, Netherlands;51.8136739;5.7528948
Williamsburg, VA;37.2707022;-76.7074571
Willimantic, CT;41.7106543;-72.2081338
Wolverhampton Metropolitan Borough, UK;52.58785839999999;-2.1195079
Wuppertal, Germany;51.2562128;7.150763599999999
Zurich, Switzerland;47.3686498;8.539182499999999
Åmål, Sweden;59.05111699999999;12.6977323
Mill Valley, CA;37.9060368;-122.5449763
Copenhagen, Denmark;55.6760968;12.5683371
Auckland, NZ;-36.8484597;174.7633315
Bakersfield, CA;35.3732921;-119.0187125
Greenville, SC;34.85261759999999;-82.3940104
Long Island City, Queens, NY;40.744679;-73.9485424
Loveland, OH;39.2689476;-84.26382600000001
Maplewood, NJ;40.7299793;-74.271992
Tallahassee, FL;30.4382559;-84.28073289999999
Barcelona, Spain;41.3850639;2.1734035
College Station, TX;30.627977;-96.3344068
Antwerp, Belgium;51.2194475;4.4024643
Bochum, Germany;51.4818445;7.216236299999999
Dubai, United Arab Emirates;25.2;55.3
Waltham, MA;42.3764852;-71.2356113
Hammonton, NJ;39.6365056;-74.8023853
Keene, NH;42.933692;-72.2781409
Windsor, Canada;42.3149367;-83.03636329999999
Edmond, OK;35.6528323;-97.47809540000002
Hünenberg, Switzerland;47.1773526;8.426352699999999
Fitzroy, AU;-37.7987007;144.9786869
Shibuya, Japan;35.6640352;139.6982122
Sylvania, AU;-34.0122748;151.09434
Nyack, NY;41.0906519;-73.9179146
Port Coquitlam, Canada;49.2628382;-122.7810708
Guadalupe, Mexico;25.683333;-100.266667
Sioux Falls, SD;43.5445959;-96.73110340000001
Graz, Austria;47.070714;15.439504
Ulricehamn, Sweden;57.78333300000001;13.416667
Marseille, France;43.296482;5.36978
Downingtown, PA;40.0064958;-75.7032742
Rotterdam, Netherlands;51.930833;4.479166999999999
Lexington, MA;42.4430372;-71.2289641
North Tustin, Tustin, CA;33.765;-117.799167
Wilmington, NC;34.2257255;-77.9447102
Tel Aviv, Israel;32.0852999;34.78176759999999
Milano, Italy;45.4654219;9.1859243
Beaver Falls, PA;40.7520097;-80.31922949999999
Buffalo, NY;42.88644679999999;-78.8783689
Jackson, MS;32.2987573;-90.1848103
Paris, TX;33.6609389;-95.55551299999999
Plymouth Meeting, PA;40.1023319;-75.2743467
St. Petersburg, Russia;59.9342802;30.3350986
Hillsboro, OR;45.5228939;-122.989827
West Covina, CA;34.0686208;-117.9389526
Little Rock, AR;34.7464809;-92.28959479999999
Fairfield, CT;41.1408363;-73.2612615
Denton, TX;33.2148412;-97.13306829999999
Murmansk, Russia;68.966667;33.083333
Newport Beach, CA;33.6189101;-117.9289469
Hoboken, NJ;40.7439905;-74.0323626
Port Washington, NY;40.8256561;-73.69818579999999
Naples, Italy;40.8517746;14.2681244
Tel Aviv-Yafo, Israel;32.0852999;34.78176759999999
Tempe, AZ;33.4255104;-111.9400054
Hong Kong, Hong Kong;22.396428;114.109497
Redcar, UK;54.5974636;-1.0779515
Centreville, VA;38.8403909;-77.42887689999999
Southlake, TX;32.9412363;-97.1341783
Danvers, MA;42.5750009;-70.93212199999999
Arhus, Denmark;56.162939;10.203921
Wilton, CT;41.1953739;-73.4378988
Louisville, KY;38.2526647;-85.7584557
Lomas de Zamora, Argentina;-34.76118230000001;-58.4302476
Rhinebeck, NY;41.9318294;-73.90743719999999
Lexington, KY;38.0405837;-84.5037164
Lansdale, PA;40.2414952;-75.2837862
Charleston, SC;32.7764749;-79.93105120000001
Franklin Square, NY;40.7073244;-73.6759635
Foster City, CA;37.5585465;-122.2710788
Cumming, GA;34.2073196;-84.14019259999999
Jamaica Plain, Boston, MA;42.3097365;-71.1151431
Niantic, CT;41.3253756;-72.1931338
Wallkill, NY;41.60564919999999;-74.1840358
Eau Claire, WI;44.811349;-91.4984941
Olympia, WA;47.0378741;-122.9006951
Newcastle, AU;-32.926689;151.7789205
Ankara, Turkey;39.92077;32.85411
Urk, Netherlands;52.66305329999999;5.598946499999999
Acassuso, Argentina;-34.4773612;-58.4992702
Eindhoven, Netherlands;51.44164199999999;5.4697225
Hermosillo, Mexico;29.0729673;-110.9559192
Lyon, France;45.764043;4.835659
Bondi Junction, AU;-33.8927878;151.2472206
Layton, UT;41.0602216;-111.9710529
Ventura, CA;34.274646;-119.2290316
Whitestone, Queens, NY;40.7920449;-73.8095574
Nottingham, UK;52.95478319999999;-1.1581086
New Smyrna Beach, FL;29.0258191;-80.9269984
Bournemouth, UK;50.719164;-1.880769
Monterrey, Mexico;25.6866142;-100.3161126
Wrington, UK;51.364344;-2.7652
Brabrand, Denmark;56.153128;10.106763
Corpus Christi, TX;27.8005828;-97.39638099999999
Newport News, VA;37.0870821;-76.4730122
Jakarta, Indonesia;-6.2087634;106.845599
Strasbourg, France;48.583148;7.747882
Worcester, MA;42.2625932;-71.8022934
Villemoustaussou, France;43.25226;2.365451
Summerfield, NC;36.2087468;-79.9047583
Menden, Germany;51.433333;7.8
Milan, Italy;45.4654219;9.1859243
Vestby, Norway;59.601944;10.7475
Greenpoint, Brooklyn, NY;40.7245448;-73.9418603
Winnetka, IL;42.10808340000001;-87.735895
Sheffield, UK;53.38112899999999;-1.470085
Larvik, Norway;59.0538363;10.0295463
Naperville, IL;41.7858629;-88.1472893
York, UK;53.95996510000001;-1.0872979
Fremont, CA;37.5482697;-121.9885719
Santa Cruz de Tenerife, Spain;28.4636296;-16.2518467
Lima, Peru;-12.046374;-77.0427934
Karlsruhe, Germany;49.0068901;8.4036527
Brussels, Belgium;50.8503396;4.3517103
Quebec, Canada;52.9399159;-73.5491361
Ellicott City, MD;39.2673283;-76.7983067
Eschweiler, Germany;50.8107322;6.263075
Ipswich, MA;42.6791832;-70.8411558
Myrtle Beach, SC;33.6890603;-78.8866943
Istanbul, Turkey;41.00527;28.97696
Pacifica, CA;37.6138253;-122.4869194
San Marcos, TX;29.8832749;-97.9413941
Coram, NY;40.8687096;-73.0014946
Bozeman, MT;45.677778;-111.047222
Rio de Janeiro, Brazil;-22.9082998;-43.1970773
Yverdon-les-Bains, Switzerland;46.7782175;6.6414898
Stebbing, UK;51.893488;0.412543
Brookline, MA;42.33176419999999;-71.1211635
Stamford, CT;41.0534302;-73.5387341
Norfolk, VA;36.8507689;-76.28587259999999
Newtown Square, PA;39.9867772;-75.401028
Westford, MA;42.5792583;-71.4378411
Kerala, India;10.8505159;76.2710833
Orange, NJ;40.7706187;-74.2326478
Lancaster, PA;40.0378755;-76.3055144
Herndon, VA;38.9695545;-77.3860976
Abu Dhabi, United Arab Emirates;24.466667;54.36666700000001
Devon, PA;40.0499216;-75.4258399
Hartford, CT;41.76371109999999;-72.6850932
Syosset, NY;40.8262101;-73.502068
Fairbanks, AK;64.8377778;-147.7163889
Dayton, OH;39.7589478;-84.1916069
Bellevue, NE;41.158611;-95.934167
Greensboro, NC;36.0726354;-79.7919754
Hometown, IL;41.7306407;-87.7319495
Rio Rancho, NM;35.2327544;-106.6630437
Rutherford, NJ;40.826489;-74.10680909999999
Prospect, KY;38.345068;-85.615517
Solon, OH;41.3897764;-81.44122589999999
Martinsville, NJ;40.600449;-74.5595195
Greenville, TX;33.1384488;-96.11080659999999
Turin, Italy;45.070312;7.686856499999999
Mexico City, Mexico;19.4326077;-99.133208
Breukelen, Netherlands;52.1710222;5.001329
Reinach, Switzerland;47.4964522;7.594260800000001
El Escorial, Spain;40.583347;-4.1270438
Limerick, Ireland;52.6680204;-8.630497499999999
Hermosa Beach, CA;33.8622366;-118.3995194
Port Townsend, WA;48.11703869999999;-122.7604472
Vlaardingen, Netherlands;51.9120668;4.3494366
Bucharest, Romania;44.4325;26.103889
Sao Paulo, Brazil;-23.5505199;-46.63330939999999
Brighton, Boston, MA;42.3463503;-71.1626756
Newton, MA;42.3370413;-71.20922139999999
Los Altos, CA;37.3852183;-122.1141298
Emeryville, CA;37.831316;-122.2852473
Itzehoe, Germany;53.9317752;9.5051475
St. John's, Canada;47.5605413;-52.71283150000001
Bönigen, Switzerland;46.6863841;7.895335200000001
Sarasota, FL;27.3364347;-82.53065269999999
Endicott, NY;42.098408;-76.04936839999999
Ottawa, Canada;45.4215296;-75.69719309999999
Pensacola, FL;30.42130899999999;-87.2169149
Paterson, NJ;40.9167654;-74.17181099999999
Oak Creek, WI;42.8858503;-87.8631362
Mineola, NY;40.7492678;-73.64068449999999
Grovers Mill, NJ;40.3167746;-74.60932319999999
Nerima, Japan;35.7356234;139.6516577
Alhambra, CA;34.095287;-118.1270146
Chino Hills, CA;33.9898188;-117.7325848
Geneva, NY;42.8679836;-76.985557
La Habra, CA;33.9319578;-117.9461734
Ebeye, Marshall Islands;8.7814708;167.7373396
Jerusalem, Israel;31.768319;35.21371
Des Moines, IA;41.6005448;-93.6091064
Southfield, MI;42.4733688;-83.2218731
Baunatal, Germany;51.2537283;9.4146
Kuala Lumpur, Malaysia;3.139003;101.686855
Pune, India;18.5204303;73.8567437
Montclair, NJ;40.8259007;-74.2090053
Charlotte, NC;35.2270869;-80.8431267
San Rafael, CA;37.9735346;-122.5310874
Riverside, CA;33.9533487;-117.3961564
Franklin Park, IL;41.9348537;-87.87952299999999
Princeton, NJ;40.3572976;-74.6672226
Potomac, MD;39.0181651;-77.2085914
Roubaix, France;50.6927049;3.177847
Chandler, AZ;33.3061605;-111.8412502
St Kilda, AU;-37.8675123;144.9789807
Rehovot, Israel;31.892773;34.811272
Schoonhoven, Netherlands;51.9525204;4.8432204
Mytishchi, Russia;55.9198471;37.7654985
Nürnberg, Germany;49.45203;11.07675
Upland, CA;34.09751;-117.6483876
Belgium, WV;39.323611;-80.11611099999999
Boulogne-Billancourt, France;48.8396952;2.2399123
Ashburn, VA;39.0437567;-77.4874416
Fairfield, CA;38.24935809999999;-122.0399663
Terre Haute, IN;39.4667034;-87.41390919999999
Mocksville, NC;35.8940263;-80.5614494
Mobile, AL;30.6953657;-88.0398912
Basel, Switzerland;47.5674422;7.597550699999999
Cardiff, UK;51.48158100000001;-3.17909
Calabasas, CA;34.138333;-118.660833
Richmond, CA;37.9357576;-122.3477486
Stoneham, Canada;46.996;-71.364133
Round Rock, TX;30.5082551;-97.678896
Cedar Falls, IA;42.5348993;-92.4453161
Fort Lauderdale, FL;26.1224386;-80.13731740000001
San Luis Obispo, CA;35.2827524;-120.6596156
Sanger, CA;36.708006;-119.5559652
Caceres, Spain;39.4752765;-6.3724247
Saratoga, CA;37.2638324;-122.0230146
Framingham, MA;42.279286;-71.4161565
Davison, MI;43.0347491;-83.5180063
Freeland, PA;41.0167507;-75.897143
Savannah, GA;32.0835407;-81.09983419999999
Landshut, Germany;48.5441917;12.1468532
Seoul, South Korea;37.566535;126.9779692
Kwun Tong, Hong Kong;22.3103686;114.2227035
Northridge, Los Angeles, CA;34.2381251;-118.530123
Mount Lawley, AU;-31.9340637;115.8716858
Purcellville, VA;39.1367717;-77.7147153
Bountiful, UT;40.8893895;-111.880771
Hammond, IN;41.5833688;-87.5000412
Midvale, UT;40.6110589;-111.8999353
Mission, KS;39.0277832;-94.6557914
Alabaster, AL;33.2442813;-86.8163773
Carmel, IN;39.978371;-86.1180435
Siberia, IN;38.23811269999999;-86.73360079999999
Smyrna, GA;33.8839926;-84.51437609999999
Kelowna, Canada;49.8879519;-119.4960106
Hartland, WI;43.105008;-88.3420398
Petersburg, VA;37.2279279;-77.40192669999999
San Salvador, El Salvador;13.6929403;-89.2181911
Fountain Valley, CA;33.7091847;-117.9536697
Sagy, France;49.0496089;1.950305
South Tulsa, Tulsa, OK;36.1539816;-95.99277500000001
Izunokuni-shi, Japan;35.0277354;138.9289209
Asperup, Denmark;55.48309099999999;9.905057
Cavan, Ireland;53.9906046;-7.3629406
Bolivar, MO;37.6144838;-93.4104749
Scottsdale, AZ;33.4941704;-111.9260519
Olney, MD;39.1531627;-77.066923
Lincoln, NE;40.809722;-96.67527799999999
Bangkok, Thailand;13.7278956;100.5241235
Lund, Sweden;55.7046601;13.1910073
Brondby, Denmark;55.64730549999999;12.414886
Okinawa-shi, Japan;26.3344266;127.8055832
Ewa Beach, HI;21.315556;-158.007222
Riyadh, Saudi Arabia;24.633333;46.716667
St. Albans, UK;51.752725;-0.339436
Stonehouse, UK;51.74388099999999;-2.279028
Greenwich, CT;41.0262417;-73.6281964
Redmond, WA;47.6739881;-122.121512
Saarlouis, Germany;49.3134606;6.752286499999999
Niles, IL;42.0189191;-87.80284019999999
Yeovil, UK;50.942061;-2.633308
Jawi, Malaysia;5.213254000000001;100.493128
Princeton Junction, NJ;40.3173301;-74.61987909999999
Llanelli, UK;51.680886;-4.160248
East Greenwich, RI;41.65;-71.483333
Lafayette, IN;40.4167022;-86.87528689999999
Clifden, Ireland;53.488986;-10.0179253
Moscow, Russia;55.755826;37.6173
Vanves, France;48.822484;2.288405
Springfield, OH;39.9242266;-83.8088171
West des Moines, IA;41.5772115;-93.711332
Barrington, IL;42.1539141;-88.1361888
Asheville, NC;35.5950581;-82.5514869
Diamond Bar, CA;34.0286226;-117.8103367
Coimbra, Portugal;40.2033145;-8.4102573
Normal, IL;40.5142026;-88.9906312
Blanchard, OK;35.1378441;-97.6580935
Metcalfe, Canada;45.2203397;-75.4659944
Fairfax, VA;38.84622359999999;-77.30637329999999
Ridgeland, Oxford, MS;34.3264959;-89.5236929
Tucson, AZ;32.2217429;-110.926479
King George, VA;38.2664512;-77.18078419999999
White Rock, Canada;49.019917;-122.802611
Sparks, NV;39.5349112;-119.7526886
Bethesda, MD;38.984652;-77.0947092
Randolph, NJ;40.8478065;-74.5747248
Riverton, UT;40.521893;-111.9391023
Regina, Canada;50.454722;-104.606667
Hatboro, PA;40.1742757;-75.10683879999999
Mainz, Germany;49.9928617;8.2472526
Groningen, Netherlands;53.2193835;6.566501799999999
Baton Rouge, LA;30.4582829;-91.1403196
East Hampton, NY;40.96343350000001;-72.1848009
Anaheim, CA;33.8352932;-117.9145036
North Augusta, SC;33.5018026;-81.9651152
Westfield, NJ;40.6589912;-74.3473717
Outer Sunset, San Francisco, CA;37.755445;-122.494069
Powell, WY;44.7538408;-108.7573524
Camacari, Brazil;-12.6971776;-38.3331983
Oud-Alblas, Netherlands;51.85691689999999;4.703411099999999
Uxbridge, UK;51.5485;-0.479611
Yuba City, CA;39.1404477;-121.6169108
Tilburg, Netherlands;51.560596;5.0919143
Kapolei, HI;21.3353909;-158.0568965
Sant Cugat del Vallès, Spain;41.4720702;2.0865154
Dnipropetrovs'k, Ukraine;48.464717;35.046183
Yorba Linda, CA;33.8886259;-117.8131125
Glen Waverley, AU;-37.8785429;145.164812
Grenaa, Denmark;56.411808;10.894919
Niagara Falls, NY;43.0962143;-79.0377388
Carlsbad, CA;33.1580933;-117.3505939
Westerly, RI;41.3775987;-71.82728709999999
Sudbury, Canada;46.48999999999999;-81.00999999999999
Nantes, France;47.218371;-1.553621
Freiburg, Germany;47.9990077;7.842104299999999
Kingston, Canada;44.2311717;-76.4859544
Guadalajara, Mexico;20.6596988;-103.3496092
Barcelona;41.3850639;2.1734035
Dobbs Ferry, NY;41.0145418;-73.87263500000002
Stockton, CA;37.9577016;-121.2907796
Hawthorne, NY;41.1073183;-73.7959666
Maastricht, Netherlands;50.8513682;5.6909725
Clinton, NY;43.0484029;-75.3785034
Jeddah, Saudi Arabia;21.543333;39.17277800000001
Lowell, MA;42.6334247;-71.31617179999999
Darnestown, MD;39.1034409;-77.2908166
Akron, OH;41.0814447;-81.51900529999999
Springfield, VT;43.2983665;-72.4823306
New Hartford, CT;41.87932139999999;-72.97516929999999
Coquitlam, Canada;49.2837626;-122.7932065
Bismarck, ND;46.8083268;-100.7837392
Lake Forest, IL;42.2586342;-87.840625
Fargo, ND;46.8771863;-96.7898034
West Lafayette, IN;40.4258686;-86.90806549999999
Bradenton, FL;27.4989278;-82.5748194
Acton, MA;42.4850931;-71.43284
Mumbai, India;19.0759837;72.8776559
Escondido, CA;33.1192068;-117.086421
Burnsville, MN;44.7677424;-93.27772259999999
Villingen-Schwenningen, Germany;48.0594021;8.4640869
Sudbury, MA;42.3834278;-71.4161725
Humble, TX;29.99883119999999;-95.26215529999999
Biel Bienne, Switzerland;47.1401866;7.2437727
Andover, MA;42.6583356;-71.1367953
Ramat Gan, Israel;32.068424;34.824785
Virum, Denmark;55.794614;12.461796
Reykjavik, Iceland;64.133333;-21.933333
Willoughby, OH;41.6397696;-81.4065011
Guayaquil, Ecuador;-2.1709979;-79.9223592
Carnegie, AU;-37.889519;145.056976
Sacramento, CA;38.5815719;-121.4943996
Arlington, TX;32.735687;-97.10806559999999
Cypress, TX;29.96911159999999;-95.6971686
Johnston, IA;41.671389;-93.705833
Mississauga, Canada;43.5890452;-79.6441198
Winston-Salem, NC;36.09985959999999;-80.244216
Wigan, UK;53.54544;-2.637474
Wolfeboro, NH;43.5852069;-71.20947989999999
Trenton, NJ;40.2170534;-74.7429384
Holmdel, NJ;40.3451095;-74.18403219999999
Maple, Canada;43.855376;-79.516752
Arvada, CO;39.8027644;-105.0874842
Mars, PA;40.6958996;-80.0117254
Annville, PA;40.3295359;-76.51524429999999
Bixby, OK;35.9420431;-95.88332349999999
Winter Park, FL;28.5999998;-81.33923519999999
Pittsfield, MA;42.4500845;-73.2453824
Sandy, UT;40.57250000000001;-111.859722
Port Orford, OR;42.7456644;-124.4973267
Erie, PA;42.12922409999999;-80.085059
Eltham, AU;-37.7133771;145.1489162
Lewisville, TX;33.046233;-96.994174
Canton, OH;40.79894729999999;-81.378447
Suffern, NY;41.1148179;-74.1495889
Lodi, CA;38.1341477;-121.2722194
Braham, MN;45.7222222;-93.17
Fairfield, IA;41.007222;-91.96583299999999
Zero Branco, Italy;45.601132;12.1668149
Bracknell, UK;51.41604;-0.75398
Kokalyane, Bulgaria;42.5769193;23.4146875
Kristiansund, Norway;63.11033459999999;7.728078999999999
Wildomar, CA;33.5989126;-117.2800372
New Malden, UK;51.40066299999999;-0.259263
Kowloon, Hong Kong;22.3185673;114.1796057
Manama, Bahrain;26.216667;50.583333
Yorktown Heights, NY;41.2709274;-73.7776336
Zagreb, Croatia;45.8150108;15.981919
Liphook, UK;51.07661;-0.801777
Nowhere, OK;35.1592256;-98.4422802
Soest, Germany;51.5711476;8.105754
Augsburg, Germany;48.3705449;10.89779
Wako-shi, Japan;35.7812079;139.6057934
Darmstadt, Germany;49.8728253;8.6511929
Kópavogur, Iceland;64.111111;-21.905556
Zoeterwoude, Netherlands;52.1208305;4.5165697
Alcantarilla, Spain;37.9695167;-1.2193422
Rugby, UK;52.370878;-1.265032
Upton upon Severn, UK;52.065357;-2.217407
Belo Horizonte, Brazil;-19.9245192;-43.9352685
Chiddingstone Hoath, UK;51.162;0.141
Bloomington, IL;40.4842027;-88.99368729999999
Armeno, Italy;40.3060747;16.0656701
Krefeld, Germany;51.3387609;6.5853417
Lisbon, Portugal;38.7222524;-9.1393366
Landerneau, France;48.450821;-4.248437
Bath, UK;51.375801;-2.3599039
Rijswijk, Netherlands;52.0376977;4.321973799999999
Louisville, CO;39.977763;-105.1319296
Ithaca, NY;42.4439614;-76.5018807
Lemoore, CA;36.3007835;-119.7829107
Mount Kisco, NY;41.2042616;-73.72707609999999
Holderness, NH;43.7320175;-71.5884095
Liverpool, UK;53.4083714;-2.9915726
Cesenatico, Italy;44.200847;12.4052023
Prague, Czech Republic;50.0755381;14.4378005
Wiltshire, UK;51.2462714;-1.9922127
Lake Worth, FL;26.6167555;-80.0684479
Victor, ID;43.6026976;-111.1113318
Almunge, Sweden;59.8757155;18.0458811
Quartucciu, Italy;39.2537215;9.1747474
Wilmington, DE;39.7390721;-75.5397878
San Bernardo, Chile;-33.583333;-70.7
Anoeta, Spain;43.16213750000001;-2.0707341
Ruston, LA;32.5232053;-92.63792699999999
Jönköping, Sweden;57.78261370000001;14.1617876
Durango, CO;37.27528;-107.8800667
Ely, MN;47.9032372;-91.8670873
Rohr, Germany;49.3412784;10.8888964
Burlington, Canada;43.3255196;-79.7990319
Fort Mcmurray, Canada;56.72637959999999;-111.3803407
Nanaimo, Canada;49.1658836;-123.9400647
Exeter, PA;41.3206358;-75.81908349999999
Saint-Denis, Reunion;-20.882057;55.450675
Del Mar, CA;32.9594891;-117.2653146
Torino, Italy;45.070312;7.686856499999999
Bellingham, WA;48.74908;-122.4781473
Wheeling, IL;42.1391927;-87.9289591
Palmetto, GA;33.5178907;-84.66965479999999
Oviedo, Spain;43.3619145;-5.8493887
Kent, OH;41.1536674;-81.3578859
Culhat, France;45.864475;3.335961
Chiang Mai, Thailand;18.787747;98.99312839999999
Fairlight, AU;-33.7957407;151.2756889
Coalville, UK;52.724569;-1.3677109
Jhongjheng District, Taiwan;25.1580556;121.5158333
Kempton Park, South Africa;-26.1;28.233333
Rockhampton, AU;-23.3779152;150.5101026
Fayetteville, NC;35.0526641;-78.87835849999999
Torrance, CA;33.8358492;-118.3406288
Christchurch, NZ;-43.5320544;172.6362254
La Plata, MD;38.5292877;-76.97525139999999
Almada, Portugal;38.6765238;-9.165104699999999
Winnipeg, Canada;49.8997541;-97.1374937
Italia, Italy;41.87194;12.56738
Monza, Italy;45.5845001;9.2744485
Las Palmas, Spain;28.1235459;-15.4362574
Clayton South, AU;-37.939807;145.1332686
Algonquin, IL;42.1655801;-88.29424929999999
Luzern, Switzerland;47.0500376;8.3089295
Cambridgeshire, UK;52.2052973;0.1218195
Pessac, France;44.80583;-0.630386
Bilbao, Spain;43.2630126;-2.9349852
Long Island, NY;40.7891424;-73.13496049999999
Aracaju, Brazil;-10.9472468;-37.0730823
Medford, MA;42.4184296;-71.1061639
Chesapeake, VA;36.7682088;-76.2874927
Noblesville, IN;40.0455917;-86.0085955
Asti, Italy;44.90075119999999;8.2064257
Manila, Philippines;14.5995124;120.9842195
St. Louis Hills, St. Louis, MO;38.5817771;-90.3019281
Happy Valley, Hong Kong;22.268352;114.1865135
Bærum, Norway;59.92054499999999;10.593765
Corunna, Spain;43.3623436;-8.4115401
Muri, Switzerland;47.27190359999999;8.3417691
Eibar, Spain;43.1832096;-2.4715422
Sault Ste. Marie, MI;46.52185799999999;-84.3460896
Sarajevo, Bosnia and Herzegovina;43.8562586;18.4130763
Verona, Italy;45.43838419999999;10.9916215
